Answer Index,Exact Match,Fuzzy Similarity (%),Token Overlap (%)
1,No,37,45.714285714285715
2,No,36,45.714285714285715
3,No,47,42.857142857142854
4,No,47,28.57142857142857
5,No,37,45.714285714285715
6,No,42,48.57142857142857
