Answer Index,Exact Match,Fuzzy Similarity (%),Token Overlap (%)
1,No,62,49.404761904761905
2,No,62,41.66666666666667
3,No,62,46.42857142857143
4,No,61,46.42857142857143
5,No,62,46.42857142857143
6,No,50,38.69047619047619
